[{"name":"slice_0","index":1,"scopes":["SUB_PROJECTS","PROJECT"],"types":["DEX"],"format":"DIRECTORY","present":true},{"name":"slice_1","index":2,"scopes":["SUB_PROJECTS","PROJECT"],"types":["DEX"],"format":"DIRECTORY","present":true},{"name":"slice_2","index":3,"scopes":["SUB_PROJECTS","PROJECT"],"types":["DEX"],"format":"DIRECTORY","present":true},{"name":"slice_3","index":4,"scopes":["SUB_PROJECTS","PROJECT"],"types":["DEX"],"format":"DIRECTORY","present":true},{"name":"slice_4","index":5,"scopes":["SUB_PROJECTS","PROJECT"],"types":["DEX"],"format":"DIRECTORY","present":true},{"name":"slice_5","index":6,"scopes":["SUB_PROJECTS","PROJECT"],"types":["DEX"],"format":"DIRECTORY","present":true},{"name":"slice_6","index":7,"scopes":["SUB_PROJECTS","PROJECT"],"types":["DEX"],"format":"DIRECTORY","present":true},{"name":"slice_7","index":8,"scopes":["SUB_PROJECTS","PROJECT"],"types":["DEX"],"format":"DIRECTORY","present":true},{"name":"slice_8","index":9,"scopes":["SUB_PROJECTS","PROJECT"],"types":["DEX"],"format":"DIRECTORY","present":true},{"name":"slice_9","index":10,"scopes":["SUB_PROJECTS","PROJECT"],"types":["DEX"],"format":"DIRECTORY","present":true},{"name":"main","index":11,"scopes":["EXTERNAL_LIBRARIES"],"types":["DEX"],"format":"DIRECTORY","present":true},{"name":"f4d4d1ebae143ce0b172075f30d6169bc69dfd88-0","index":12,"scopes":["MAIN_SPLIT"],"types":["DEX"],"format":"DIRECTORY","present":true},{"name":"f4d4d1ebae143ce0b172075f30d6169bc69dfd88-1","index":13,"scopes":["MAIN_SPLIT"],"types":["DEX"],"format":"DIRECTORY","present":true},{"name":"f4d4d1ebae143ce0b172075f30d6169bc69dfd88-2","index":14,"scopes":["MAIN_SPLIT"],"types":["DEX"],"format":"DIRECTORY","present":true},{"name":"f4d4d1ebae143ce0b172075f30d6169bc69dfd88-3","index":15,"scopes":["MAIN_SPLIT"],"types":["DEX"],"format":"DIRECTORY","present":true},{"name":"f4d4d1ebae143ce0b172075f30d6169bc69dfd88-4","index":16,"scopes":["MAIN_SPLIT"],"types":["DEX"],"format":"DIRECTORY","present":true},{"name":"23bcf938f5b6a7b6f4370cd962e1fa7bb3c9c166-1","index":17,"scopes":["MAIN_SPLIT"],"types":["DEX"],"format":"DIRECTORY","present":true},{"name":"externalLibs","index":18,"scopes":["EXTERNAL_LIBRARIES"],"types":["DEX"],"format":"DIRECTORY","present":true}]