{
  "project_info": {
    "project_number": "128432164883",
    "firebase_url": "https://regup-5ac98.firebaseio.com",
    "project_id": "regup-5ac98",
    "storage_bucket": "regup-5ac98.appspot.com"
  },
  "client": [
    {
      "client_info": {
        "mobilesdk_app_id": "1:128432164883:android:5d780851c9f7fa73",
        "android_client_info": {
          "package_name": "bd.edu.bubt.regup"
        }
      },
      "oauth_client": [
        {
          "client_id": "128432164883-anfgaua4cif6loqiauj7ltdn41qrsj95.apps.googleusercontent.com",
          "client_type": 3
        }
      ],
      "api_key": [
        {
          "current_key": "AIzaSyDXmIxP3y61IHG-prbsGxNhJXAdV1nJ22Q"
        }
      ],
      "services": {
        "analytics_service": {
          "status": 1
        },
        "appinvite_service": {
          "status": 1,
          "other_platform_oauth_client": []
        },
        "ads_service": {
          "status": 2
        }
      }
    }
  ],
  "configuration_version": "1"
}