[{"name":"com.google.firebase:firebase-core:12.0.0","index":0,"scopes":["EXTERNAL_LIBRARIES"],"types":["DEX_ARCHIVE"],"format":"JAR","present":true},{"name":"com.google.firebase:firebase-auth:12.0.0","index":1,"scopes":["EXTERNAL_LIBRARIES"],"types":["DEX_ARCHIVE"],"format":"JAR","present":true},{"name":"com.google.firebase:firebase-database:12.0.0","index":2,"scopes":["EXTERNAL_LIBRARIES"],"types":["DEX_ARCHIVE"],"format":"JAR","present":true},{"name":"com.google.firebase:firebase-firestore:12.0.0","index":3,"scopes":["EXTERNAL_LIBRARIES"],"types":["DEX_ARCHIVE"],"format":"JAR","present":true},{"name":"com.mcxiaoke.volley:library:1.0.19","index":4,"scopes":["EXTERNAL_LIBRARIES"],"types":["DEX_ARCHIVE"],"format":"JAR","present":true},{"name":"com.android.support:appcompat-v7:26.1.0","index":5,"scopes":["EXTERNAL_LIBRARIES"],"types":["DEX_ARCHIVE"],"format":"JAR","present":true},{"name":"com.android.support.constraint:constraint-layout:1.1.3","index":6,"scopes":["EXTERNAL_LIBRARIES"],"types":["DEX_ARCHIVE"],"format":"JAR","present":true},{"name":"com.google.firebase:firebase-analytics:12.0.0","index":7,"scopes":["EXTERNAL_LIBRARIES"],"types":["DEX_ARCHIVE"],"format":"JAR","present":true},{"name":"com.google.android.gms:play-services-base:12.0.0","index":8,"scopes":["EXTERNAL_LIBRARIES"],"types":["DEX_ARCHIVE"],"format":"JAR","present":true},{"name":"com.google.firebase:firebase-database-connection:12.0.0","index":9,"scopes":["EXTERNAL_LIBRARIES"],"types":["DEX_ARCHIVE"],"format":"JAR","present":true},{"name":"com.google.firebase:firebase-analytics-impl:12.0.0","index":10,"scopes":["EXTERNAL_LIBRARIES"],"types":["DEX_ARCHIVE"],"format":"JAR","present":true},{"name":"com.google.firebase:firebase-iid:12.0.0","index":11,"scopes":["EXTERNAL_LIBRARIES"],"types":["DEX_ARCHIVE"],"format":"JAR","present":true},{"name":"com.google.firebase:firebase-common:12.0.0","index":12,"scopes":["EXTERNAL_LIBRARIES"],"types":["DEX_ARCHIVE"],"format":"JAR","present":true},{"name":"com.google.android.gms:play-services-tasks:12.0.0","index":13,"scopes":["EXTERNAL_LIBRARIES"],"types":["DEX_ARCHIVE"],"format":"JAR","present":true},{"name":"com.google.android.gms:play-services-basement:12.0.0","index":14,"scopes":["EXTERNAL_LIBRARIES"],"types":["DEX_ARCHIVE"],"format":"JAR","present":true},{"name":"com.google.firebase:firebase-auth-license:12.0.0","index":15,"scopes":["EXTERNAL_LIBRARIES"],"types":["DEX_ARCHIVE"],"format":"JAR","present":true},{"name":"com.google.firebase:firebase-database-license:12.0.0","index":16,"scopes":["EXTERNAL_LIBRARIES"],"types":["DEX_ARCHIVE"],"format":"JAR","present":true},{"name":"com.squareup.okhttp:okhttp:2.7.2","index":17,"scopes":["EXTERNAL_LIBRARIES"],"types":["DEX_ARCHIVE"],"format":"JAR","present":true},{"name":"com.android.support:animated-vector-drawable:26.1.0","index":18,"scopes":["EXTERNAL_LIBRARIES"],"types":["DEX_ARCHIVE"],"format":"JAR","present":true},{"name":"com.android.support:support-vector-drawable:26.1.0","index":19,"scopes":["EXTERNAL_LIBRARIES"],"types":["DEX_ARCHIVE"],"format":"JAR","present":true},{"name":"com.android.support:support-v4:26.1.0","index":20,"scopes":["EXTERNAL_LIBRARIES"],"types":["DEX_ARCHIVE"],"format":"JAR","present":true},{"name":"com.android.support:support-media-compat:26.1.0","index":21,"scopes":["EXTERNAL_LIBRARIES"],"types":["DEX_ARCHIVE"],"format":"JAR","present":true},{"name":"com.android.support:support-fragment:26.1.0","index":22,"scopes":["EXTERNAL_LIBRARIES"],"types":["DEX_ARCHIVE"],"format":"JAR","present":true},{"name":"com.android.support:support-core-utils:26.1.0","index":23,"scopes":["EXTERNAL_LIBRARIES"],"types":["DEX_ARCHIVE"],"format":"JAR","present":true},{"name":"com.android.support:support-core-ui:26.1.0","index":24,"scopes":["EXTERNAL_LIBRARIES"],"types":["DEX_ARCHIVE"],"format":"JAR","present":true},{"name":"com.android.support:support-compat:26.1.0","index":25,"scopes":["EXTERNAL_LIBRARIES"],"types":["DEX_ARCHIVE"],"format":"JAR","present":true},{"name":"com.android.support:support-annotations:26.1.0","index":26,"scopes":["EXTERNAL_LIBRARIES"],"types":["DEX_ARCHIVE"],"format":"JAR","present":true},{"name":"com.android.support.constraint:constraint-layout-solver:1.1.3","index":27,"scopes":["EXTERNAL_LIBRARIES"],"types":["DEX_ARCHIVE"],"format":"JAR","present":true},{"name":"com.google.firebase:firebase-analytics-license:12.0.0","index":28,"scopes":["EXTERNAL_LIBRARIES"],"types":["DEX_ARCHIVE"],"format":"JAR","present":true},{"name":"com.google.android.gms:play-services-base-license:12.0.0","index":29,"scopes":["EXTERNAL_LIBRARIES"],"types":["DEX_ARCHIVE"],"format":"JAR","present":true},{"name":"com.google.android.gms:play-services-basement-license:12.0.0","index":30,"scopes":["EXTERNAL_LIBRARIES"],"types":["DEX_ARCHIVE"],"format":"JAR","present":true},{"name":"com.google.firebase:firebase-common-license:12.0.0","index":31,"scopes":["EXTERNAL_LIBRARIES"],"types":["DEX_ARCHIVE"],"format":"JAR","present":true},{"name":"com.google.android.gms:play-services-tasks-license:12.0.0","index":32,"scopes":["EXTERNAL_LIBRARIES"],"types":["DEX_ARCHIVE"],"format":"JAR","present":true},{"name":"com.google.firebase:firebase-database-connection-license:12.0.0","index":33,"scopes":["EXTERNAL_LIBRARIES"],"types":["DEX_ARCHIVE"],"format":"JAR","present":true},{"name":"com.squareup.okio:okio:1.6.0","index":34,"scopes":["EXTERNAL_LIBRARIES"],"types":["DEX_ARCHIVE"],"format":"JAR","present":true},{"name":"com.google.firebase:firebase-analytics-impl-license:12.0.0","index":35,"scopes":["EXTERNAL_LIBRARIES"],"types":["DEX_ARCHIVE"],"format":"JAR","present":true},{"name":"android.arch.lifecycle:runtime:1.0.0","index":36,"scopes":["EXTERNAL_LIBRARIES"],"types":["DEX_ARCHIVE"],"format":"JAR","present":true},{"name":"com.google.firebase:firebase-iid-license:12.0.0","index":37,"scopes":["EXTERNAL_LIBRARIES"],"types":["DEX_ARCHIVE"],"format":"JAR","present":true},{"name":"android.arch.lifecycle:common:1.0.0","index":38,"scopes":["EXTERNAL_LIBRARIES"],"types":["DEX_ARCHIVE"],"format":"JAR","present":true},{"name":"android.arch.core:common:1.0.0","index":39,"scopes":["EXTERNAL_LIBRARIES"],"types":["DEX_ARCHIVE"],"format":"JAR","present":true},{"name":"f4d4d1ebae143ce0b172075f30d6169bc69dfd88-0","index":41,"scopes":["MAIN_SPLIT"],"types":["DEX_ARCHIVE"],"format":"JAR","present":true},{"name":"f4d4d1ebae143ce0b172075f30d6169bc69dfd88-1","index":42,"scopes":["MAIN_SPLIT"],"types":["DEX_ARCHIVE"],"format":"JAR","present":true},{"name":"f4d4d1ebae143ce0b172075f30d6169bc69dfd88-2","index":43,"scopes":["MAIN_SPLIT"],"types":["DEX_ARCHIVE"],"format":"JAR","present":true},{"name":"f4d4d1ebae143ce0b172075f30d6169bc69dfd88-3","index":44,"scopes":["MAIN_SPLIT"],"types":["DEX_ARCHIVE"],"format":"JAR","present":true},{"name":"f4d4d1ebae143ce0b172075f30d6169bc69dfd88-4","index":45,"scopes":["MAIN_SPLIT"],"types":["DEX_ARCHIVE"],"format":"JAR","present":true},{"name":"23bcf938f5b6a7b6f4370cd962e1fa7bb3c9c166-1","index":47,"scopes":["MAIN_SPLIT"],"types":["DEX_ARCHIVE"],"format":"JAR","present":true},{"name":"slice_0","index":51,"scopes":["SUB_PROJECTS","PROJECT"],"types":["DEX_ARCHIVE"],"format":"DIRECTORY","present":true},{"name":"slice_1","index":52,"scopes":["SUB_PROJECTS","PROJECT"],"types":["DEX_ARCHIVE"],"format":"DIRECTORY","present":true},{"name":"slice_2","index":53,"scopes":["SUB_PROJECTS","PROJECT"],"types":["DEX_ARCHIVE"],"format":"DIRECTORY","present":true},{"name":"slice_3","index":54,"scopes":["SUB_PROJECTS","PROJECT"],"types":["DEX_ARCHIVE"],"format":"DIRECTORY","present":true},{"name":"slice_4","index":55,"scopes":["SUB_PROJECTS","PROJECT"],"types":["DEX_ARCHIVE"],"format":"DIRECTORY","present":true},{"name":"slice_5","index":56,"scopes":["SUB_PROJECTS","PROJECT"],"types":["DEX_ARCHIVE"],"format":"DIRECTORY","present":true},{"name":"slice_6","index":57,"scopes":["SUB_PROJECTS","PROJECT"],"types":["DEX_ARCHIVE"],"format":"DIRECTORY","present":true},{"name":"slice_7","index":58,"scopes":["SUB_PROJECTS","PROJECT"],"types":["DEX_ARCHIVE"],"format":"DIRECTORY","present":true},{"name":"slice_8","index":59,"scopes":["SUB_PROJECTS","PROJECT"],"types":["DEX_ARCHIVE"],"format":"DIRECTORY","present":true},{"name":"slice_9","index":60,"scopes":["SUB_PROJECTS","PROJECT"],"types":["DEX_ARCHIVE"],"format":"DIRECTORY","present":true}]