<?xml version="1.0" encoding="utf-8"?>
<manifest xmlns:android="http://schemas.android.com/apk/res/android"
    package="bd.edu.bubt.regup"
    android:versionCode="1"
    android:versionName="1.0" >

    <uses-sdk
        android:minSdkVersion="15"
        android:targetSdkVersion="26" />

    <uses-permission android:name="android.permission.INTERNET" />
    <uses-permission android:name="android.permission.ACCESS_NETWORK_STATE" />
    <uses-permission android:name="android.permission.WAKE_LOCK" /> <!-- Required by older versions of Google Play services to create IID tokens -->
    <uses-permission android:name="com.google.android.c2dm.permission.RECEIVE" />

    <permission
        android:name="bd.edu.bubt.regup.permission.C2D_MESSAGE"
        android:protectionLevel="signature" />

    <uses-permission android:name="bd.edu.bubt.regup.permission.C2D_MESSAGE" />
    <uses-permission android:name="android.permission.WRITE_EXTERNAL_STORAGE" />
    <uses-permission android:name="android.permission.READ_PHONE_STATE" />
    <uses-permission android:name="android.permission.READ_EXTERNAL_STORAGE" />

    <application
        android:allowBackup="true"
        android:debuggable="true"
        android:icon="@mipmap/ic_launcher"
        android:label="@string/app_name"
        android:roundIcon="@mipmap/ic_launcher_round"
        android:supportsRtl="true"
        android:testOnly="true"
        android:theme="@style/AppTheme" >
        <activity
            android:name="bd.edu.bubt.regup.SplashActivity"
            android:theme="@style/Theme.AppCompat.Light.NoActionBar" >
            <intent-filter>
                <action android:name="android.intent.action.MAIN" />

                <category android:name="android.intent.category.LAUNCHER" />
            </intent-filter>
        </activity>
        <activity
            android:name="bd.edu.bubt.regup.LoginActivity"
            android:theme="@style/Theme.AppCompat.Light.NoActionBar" />
        <activity
            android:name="bd.edu.bubt.regup.AdminActivity"
            android:theme="@style/Theme.AppCompat.Light.NoActionBar" />
        <activity
            android:name="bd.edu.bubt.regup.RegVerificationActivity"
            android:theme="@style/Theme.AppCompat.Light.NoActionBar" />
        <activity
            android:name="bd.edu.bubt.regup.RegistrationActivity"
            android:theme="@style/Theme.AppCompat.Light.NoActionBar" />
        <activity android:name="bd.edu.bubt.regup.TestActivity" />
        <activity
            android:name="com.google.firebase.auth.internal.FederatedSignInActivity"
            android:excludeFromRecents="true"
            android:exported="true"
            android:launchMode="singleInstance"
            android:permission="com.google.firebase.auth.api.gms.permission.LAUNCH_FEDERATED_SIGN_IN"
            android:theme="@android:style/Theme.Translucent.NoTitleBar" />

        <meta-data
            android:name="android.support.VERSION"
            android:value="26.1.0" />

        <receiver
            android:name="com.google.android.gms.measurement.AppMeasurementReceiver"
            android:enabled="true"
            android:exported="false" >
        </receiver>
        <receiver
            android:name="com.google.android.gms.measurement.AppMeasurementInstallReferrerReceiver"
            android:enabled="true"
            android:exported="true"
            android:permission="android.permission.INSTALL_PACKAGES" >
            <intent-filter>
                <action android:name="com.android.vending.INSTALL_REFERRER" />
            </intent-filter>
        </receiver>

        <service
            android:name="com.google.android.gms.measurement.AppMeasurementService"
            android:enabled="true"
            android:exported="false" />
        <service
            android:name="com.google.android.gms.measurement.AppMeasurementJobService"
            android:enabled="true"
            android:exported="false"
            android:permission="android.permission.BIND_JOB_SERVICE" />

        <activity
            android:name="com.google.android.gms.common.api.GoogleApiActivity"
            android:exported="false"
            android:theme="@android:style/Theme.Translucent.NoTitleBar" />

        <receiver
            android:name="com.google.firebase.iid.FirebaseInstanceIdReceiver"
            android:exported="true"
            android:permission="com.google.android.c2dm.permission.SEND" >
            <intent-filter>
                <action android:name="com.google.android.c2dm.intent.RECEIVE" />

                <category android:name="bd.edu.bubt.regup" />
            </intent-filter>
        </receiver>
        <!--
             FirebaseInstanceIdService performs security checks at runtime,
             no need for explicit permissions despite exported="true"
        -->
        <service
            android:name="com.google.firebase.iid.FirebaseInstanceIdService"
            android:exported="true" >
            <intent-filter android:priority="-500" >
                <action android:name="com.google.firebase.INSTANCE_ID_EVENT" />
            </intent-filter>
        </service>

        <provider
            android:name="com.google.firebase.provider.FirebaseInitProvider"
            android:authorities="bd.edu.bubt.regup.firebaseinitprovider"
            android:exported="false"
            android:initOrder="100" />

        <meta-data
            android:name="com.google.android.gms.version"
            android:value="@integer/google_play_services_version" />
        <meta-data
            android:name="android.arch.lifecycle.VERSION"
            android:value="27.0.0-SNAPSHOT" />

        <provider
            android:name="com.android.tools.ir.server.InstantRunContentProvider"
            android:authorities="bd.edu.bubt.regup.com.android.tools.ir.server.InstantRunContentProvider"
            android:multiprocess="true" />
    </application>

</manifest>